"id","age","date_of_birth","has_address","surname","phone_numer","given_name","soc_sec_id"
"http://www.okkam.org/oaie/person2-Person2191","22","19410828","http://www.okkam.org/oaie/person2-address2191","boee","","ashlie","5674744"
"http://www.okkam.org/oaie/person2-Person3821","29","19200712","http://www.okkam.org/oaie/person2-address3821","pantzikas","02 93807056","rilye","1194618"
"http://www.okkam.org/oaie/person2-Person3021","41","19470415","http://www.okkam.org/oaie/person2-address3021","turner","02 21054454","liam","5006165"
"http://www.okkam.org/oaie/person2-Person2181","","19306713","http://www.okkam.org/oaie/person2-address2181","morgan","02 67299144","chelsea","4359208"
"http://www.okkam.org/oaie/person2-Person3211","24","19070604","http://www.okkam.org/oaie/person2-address3211","crompton","08 09123081","riley","8249843"
"http://www.okkam.org/oaie/person2-Person4951","33","19050319","http://www.okkam.org/oaie/person2-address4951","gunawardana","03 27824409","reegan","8544369"
"http://www.okkam.org/oaie/person2-Person3941","","19680331","http://www.okkam.org/oaie/person2-address3941","cummings","07 45089814","nikita","8410711"
"http://www.okkam.org/oaie/person2-Person3841","33","19671022","http://www.okkam.org/oaie/person2-address3841","rowland","04 46170102","elsy","6619542"
"http://www.okkam.org/oaie/person2-Person2971","40","19880085","http://www.okkam.org/oaie/person2-address2971","clarke","08 28599865","oliver","6669696"
"http://www.okkam.org/oaie/person2-Person3951","28","19770828","http://www.okkam.org/oaie/person2-address3951","ezzy","04 33665844","charlotte","8171353"
"http://www.okkam.org/oaie/person2-Person3851","23","19580706","http://www.okkam.org/oaie/person2-address3851","steel","07 15939362","robbie","2999949"
"http://www.okkam.org/oaie/person2-Person3261","31","19561106","http://www.okkam.org/oaie/person2-address3261","brown","03 12554246","","2433042"
"http://www.okkam.org/oaie/person2-Person3361","29","","http://www.okkam.org/oaie/person2-address3361","camffermann","","nathan","1812350"
"http://www.okkam.org/oaie/person2-Person4871","40","","http://www.okkam.org/oaie/person2-address4871","robb","02 04171508","jaimee","7037382"
"http://www.okkam.org/oaie/person2-Person3251","37","19400531","http://www.okkam.org/oaie/person2-address3251","anderson","04 88639331","kiera","3502997"
"http://www.okkam.org/oaie/person2-Person3671","36","19231010","http://www.okkam.org/oaie/person2-address3671","raimondo","07 94579219","mia","8832990"
"http://www.okkam.org/oaie/person2-Person2921","26","19480513","http://www.okkam.org/oaie/person2-address2921","nguyen","03 64938687","harrison","2426575"
"http://www.okkam.org/oaie/person2-Person4371","","","http://www.okkam.org/oaie/person2-address4371","caines","07 93439717","madeline","1677356"
"http://www.okkam.org/oaie/person2-Person4851","37","19980815","http://www.okkam.org/oaie/person2-address4851","cotton","02 64457818","edward","6195874"
"http://www.okkam.org/oaie/person2-Person3371","31","19590518","http://www.okkam.org/oaie/person2-address3371","paterson","04 35022209","dylan","6859527"
"http://www.okkam.org/oaie/person2-Person4361","38","19511126","http://www.okkam.org/oaie/person2-address4361","freeman","08 90818506","mitchhll","3585251"
"http://www.okkam.org/oaie/person2-Person2901","26","19491217","http://www.okkam.org/oaie/person2-address2901","cumberbapch","08 70597870","mikayla","4949085"
"http://www.okkam.org/oaie/person2-Person171","35","19720430","http://www.okkam.org/oaie/person2-address171","hill","07 30801764","niamh","1213976"
"http://www.okkam.org/oaie/person2-Person1761","39","19120510","http://www.okkam.org/oaie/person2-address1761","grygory","","samuel","8044293"
"http://www.okkam.org/oaie/person2-Person3771","30","19171121","http://www.okkam.org/oaie/person2-address3771","jablonski","04 76951835","chelsew","3952505"
"http://www.okkam.org/oaie/person2-Person1781","37","19513031","http://www.okkam.org/oaie/person2-address1781","baldino","08 46855054","elli","1949734"
"http://www.okkam.org/oaie/person2-Person811","31","19340902","http://www.okkam.org/oaie/person2-address811","vears","07 29429222","chelsea","1510593"
"http://www.okkam.org/oaie/person2-Person3761","","19960928","http://www.okkam.org/oaie/person2-address3761","hawthorne","03 69670931","giuliana","1919661"
"http://www.okkam.org/oaie/person2-Person4791","","19770323","http://www.okkam.org/oaie/person2-address4791","mclennan","03 17336989","teal","3675815"
"http://www.okkam.org/oaie/person2-Person1641","36","19410125","http://www.okkam.org/oaie/person2-address1641","","02 79585015","elijah","8477246"
"http://www.okkam.org/oaie/person2-Person4131","31","19971128","http://www.okkam.org/oaie/person2-address4131","mase","04 00037028","emiily","5653771"
"http://www.okkam.org/oaie/person2-Person4781","","19640822","http://www.okkam.org/oaie/person2-address4781","mcnamara","03 65437041","harley","8601605"
"http://www.okkam.org/oaie/person2-Person4071","","19190304","http://www.okkam.org/oaie/person2-address4071","horseman","08 72040567","adam","1075017"
"http://www.okkam.org/oaie/person2-Person701","36","19661117","http://www.okkam.org/oaie/person2-address701","","08 96707175","jaimee","8982146"
"http://www.okkam.org/oaie/person2-Person981","","19710512","http://www.okkam.org/oaie/person2-address981","meaney","08 53634263","hayley","9594782"
"http://www.okkam.org/oaie/person2-Person711","31","19210626","http://www.okkam.org/oaie/person2-address711","bielleman","02 67887000","mya","1124608"
"http://www.okkam.org/oaie/person2-Person911","40","19641007","http://www.okkam.org/oaie/person2-address911","marriott","04 00633956","ellie","6001282"
"http://www.okkam.org/oaie/person2-Person2051","82","19221001","http://www.okkam.org/oaie/person2-address2051","whalley","03 82725294","joe","5766956"
"http://www.okkam.org/oaie/person2-Person3711","","19610206","http://www.okkam.org/oaie/person2-address3711","furlan","07 14902718","sebastian","4562022"
"http://www.okkam.org/oaie/person2-Person4021","72","19080629","http://www.okkam.org/oaie/person2-address4021","turner","","chloe","2254576"
"http://www.okkam.org/oaie/person2-Person971","34","19840618","http://www.okkam.org/oaie/person2-address971","daviadson","03 15902954","jacob","2354459"
"http://www.okkam.org/oaie/person2-Person1811","","19350328","http://www.okkam.org/oaie/person2-address1811","wils on","04 95176100","emiily","7202587"
"http://www.okkam.org/oaie/person2-Person771","38","19230205","http://www.okkam.org/oaie/person2-address771","walter","02 53032950","samuel","3254006"
"http://www.okkam.org/oaie/person2-Person2441","40","19921016","http://www.okkam.org/oaie/person2-address2441","daddow","08 64092107","luke","2732429"
"http://www.okkam.org/oaie/person2-Person371","37","19831201","http://www.okkam.org/oaie/person2-address371","johns","02 93739211","jake","4241160"
"http://www.okkam.org/oaie/person2-Person3811","24","19780910","http://www.okkam.org/oaie/person2-address3811","allnutt","03 53097080","eliza","2573131"
"http://www.okkam.org/oaie/person2-Person1591","","19391127","http://www.okkam.org/oaie/person2-address1591","beaven","08 92770800","tiarma","1235954"
"http://www.okkam.org/oaie/person2-Person41","25","19250525","http://www.okkam.org/oaie/person2-address41","varricchio","02 55144130","paris","7805348"
"http://www.okkam.org/oaie/person2-Person2411","31","19650901","http://www.okkam.org/oaie/person2-address2411","walker","07 84277205","kristen","9213206"
"http://www.okkam.org/oaie/person2-Person201","","19120203","http://www.okkam.org/oaie/person2-address201","wadd","08 82018008","emiily","9335350"
"http://www.okkam.org/oaie/person2-Person1971","32","","http://www.okkam.org/oaie/person2-address1971","jonxs","03 54119423","dylan","1222346"
"http://www.okkam.org/oaie/person2-Person71","27","","http://www.okkam.org/oaie/person2-address71","hickey","02 60569371","rohan","2507099"
"http://www.okkam.org/oaie/person2-Person111","24","19820630","http://www.okkam.org/oaie/person2-address111","prout","03 63014440","katie","5030686"
"http://www.okkam.org/oaie/person2-Person2091","","19350825","http://www.okkam.org/oaie/person2-address2091","smith","07 87468784","bailey","9227670"
"http://www.okkam.org/oaie/person2-Person501","30","19200609","http://www.okkam.org/oaie/person2-address501","lan","04 26226982","james","2057953"
"http://www.okkam.org/oaie/person2-Person1361","23","19091110","http://www.okkam.org/oaie/person2-address1361","ackand","02 42043683","kyle","5825052"
"http://www.okkam.org/oaie/person2-Person871","26","","http://www.okkam.org/oaie/person2-address871","muller","","harrison","1444331"
"http://www.okkam.org/oaie/person2-Person671","27","19990513","http://www.okkam.org/oaie/person2-address671","crabb","03 49608076","jett","1317114"
"http://www.okkam.org/oaie/person2-Person1951","38","19720916","http://www.okkam.org/oaie/person2-address1951","poultfer","04 92975634","hari","5773952"
"http://www.okkam.org/oaie/person2-Person531","28","19740429","http://www.okkam.org/oaie/person2-address531","wilkd","07 12962397","blaize","6749928"
"http://www.okkam.org/oaie/person2-Person1021","35","19080518","http://www.okkam.org/oaie/person2-address1021","moranh","02 04489985","aleisha","7383697"
"http://www.okkam.org/oaie/person2-Person1161","25","19880617","http://www.okkam.org/oaie/person2-address1161","dickenson","03 61384586","tyrone","5071236"
"http://www.okkam.org/oaie/person2-Person131","","19297916","http://www.okkam.org/oaie/person2-address131","pirie","08 93646068","sophie","2671356"
"http://www.okkam.org/oaie/person2-Person331","23","19670926","http://www.okkam.org/oaie/person2-address331","ru ssell","07 55270799","jordan","7248215"
"http://www.okkam.org/oaie/person2-Person4601","","19100422","http://www.okkam.org/oaie/person2-address4601","radford","02 48985622","holly","5459602"
"http://www.okkam.org/oaie/person2-Person1341","31","19921110","http://www.okkam.org/oaie/person2-address1341","andresdakis","02 90272757","philip","6558093"
"http://www.okkam.org/oaie/person2-Person1131","21","19150701","http://www.okkam.org/oaie/person2-address1131","incher","02 61945710","jessica","7374982"
"http://www.okkam.org/oaie/person2-Person141","26","19100211","http://www.okkam.org/oaie/person2-address141","ticehrust","03 82570054","felicity","5783449"
"http://www.okkam.org/oaie/person2-Person4611","28","19141104","http://www.okkam.org/oaie/person2-address4611","doecke","","harry","6347564"
"http://www.okkam.org/oaie/person2-Person741","30","19280419","http://www.okkam.org/oaie/person2-address741","begdic","04 98801160","oliver","1736880"
"http://www.okkam.org/oaie/person2-Person1231","28","19221002","http://www.okkam.org/oaie/person2-address1231","rinchen","04 78259957","nicholas","7896016"
"http://www.okkam.org/oaie/person2-Person1421","34","19361004","http://www.okkam.org/oaie/person2-address1421","hogg","08 93396953","brooke","4248518"
"http://www.okkam.org/oaie/person2-Person1921","","19110131","http://www.okkam.org/oaie/person2-address1921","kannahe","02 41981238","anita","7477932"
"http://www.okkam.org/oaie/person2-Person2381","20","19631120","http://www.okkam.org/oaie/person2-address2381","halton","08 85071860","alexandra","6296009"
"http://www.okkam.org/oaie/person2-Person3091","","19000513","http://www.okkam.org/oaie/person2-address3091","reid","03 29732195","timoghy","8398314"
"http://www.okkam.org/oaie/person2-Person2241","23","19221123","http://www.okkam.org/oaie/person2-address2241","beinke","07 82685897","joshua","6102463"
"http://www.okkam.org/oaie/person2-Person571","24","19670904","http://www.okkam.org/oaie/person2-address571","townsend","04 17272820","benjamin","3840906"
"http://www.okkam.org/oaie/person2-Person431","28","19790216","http://www.okkam.org/oaie/person2-address431","hitchenor","08 99854987","daniel","6463066"
"http://www.okkam.org/oaie/person2-Person1121","32","","http://www.okkam.org/oaie/person2-address1121","younger","03 31492051","jake","3579693"
"http://www.okkam.org/oaie/person2-Person561","28","19971011","http://www.okkam.org/oaie/person2-address561","webber","03 79520356","kai","2468281"
"http://www.okkam.org/oaie/person2-Person401","40","19611017","http://www.okkam.org/oaie/person2-address401","easton","04 60531662","aice","6723614"
"http://www.okkam.org/oaie/person2-Person3071","21","19240605","http://www.okkam.org/oaie/person2-address3071","bartlett","03 60566948","zach","5299727"
"http://www.okkam.org/oaie/person2-Person2221","30","19300124","http://www.okkam.org/oaie/person2-address2221","broome","07 16212172","george","5223086"
"http://www.okkam.org/oaie/person2-Person4661","33","19231017","http://www.okkam.org/oaie/person2-address4661","panawo","04 02919656","caitlin","1269996"
"http://www.okkam.org/oaie/person2-Person4331","27","19151120","http://www.okkam.org/oaie/person2-address4331","hogarth","03 87693926","kate","9889899"
"http://www.okkam.org/oaie/person2-Person3281","40","19321224","http://www.okkam.org/oaie/person2-address3281","morifz","02 93892154","lewis","1622799"
"http://www.okkam.org/oaie/person2-Person1371","20","19191011","http://www.okkam.org/oaie/person2-address1371","bullock","02 60701918","hannah","9323875"
"http://www.okkam.org/oaie/person2-Person2741","33","19480518","http://www.okkam.org/oaie/person2-address2741","stevens","08 00955191","lia","9059559"
"http://www.okkam.org/oaie/person2-Person2341","31","19020407","http://www.okkam.org/oaie/person2-address2341","chapman","08 96028094","samuel","8462196"
"http://www.okkam.org/oaie/person2-Person2141","31","19830416","http://www.okkam.org/oaie/person2-address2141","scounos","04 18642092","alisha","2234039"
"http://www.okkam.org/oaie/person2-Person2731","","19731010","http://www.okkam.org/oaie/person2-address2731","jones","03 53224543","james","6258580"
"http://www.okkam.org/oaie/person2-Person2541","28","19207726","http://www.okkam.org/oaie/person2-address2541","key","02 74678395","william","4483568"
"http://www.okkam.org/oaie/person2-Person3901","","19710521","http://www.okkam.org/oaie/person2-address3901","govier","04 45136028","katie","9268724"
"http://www.okkam.org/oaie/person2-Person4691","28","19780505","http://www.okkam.org/oaie/person2-address4691","hanson","08 71324865","jarrod","8231359"
"http://www.okkam.org/oaie/person2-Person31","31","19050124","http://www.okkam.org/oaie/person2-address31","joris","02 50218494","kazuki","1018420"
"http://www.okkam.org/oaie/person2-Person3031","23","19061121","http://www.okkam.org/oaie/person2-address3031","watts","07 08192864","benjamin","2325889"
"http://www.okkam.org/oaie/person2-Person2161","35","","http://www.okkam.org/oaie/person2-address2161","hansen","03 85293646","connor","8241512"
"http://www.okkam.org/oaie/person2-Person21","35","19000904","http://www.okkam.org/oaie/person2-address21","goers","03 62767353","olivia","7162050"
"http://www.okkam.org/oaie/person2-Person3041","24","19870906","http://www.okkam.org/oaie/person2-address3041","curtsi","07 79183195","lachlan","6224611"
"http://www.okkam.org/oaie/person2-Person3921","","19680907","http://www.okkam.org/oaie/person2-address3921","williams","08 41669008","alivia","8359190"
