"id","name"
"38477","Linksys EtherFast 8-Port 10/100 Switch - EZXS88W"
"33053","Netgear ProSafe 5 Port 10/100 Desktop Switch - FS105"
"25262","Netgear Prosafe 16 Port 10/100 Rackmount Switch - Black Finish - JFS516NA"
"35810","Canon KP-36IP Color Ink & Paper Set - 7737A001"
"38473","Linksys EtherFast4116 16-Port 10/100 Ethernet Switch - EF4116"
"38474","Linksys Gigabit 5-Port Workgroup Switch - EG005W"
"27479","Tripp-Lite PV375 PowerVerter 375-Watt Ultra-Compact Inverter - PV375"
"27975","Belkin F3H982-25 Black 25 Ft Pro Series High Integrity VGA/SVGA Monitor Replacement Cable - F3H98225"
"17372","Belkin AC Anywhere - F5C400300W"
"21047","Sony VAIO Neoprene Notebook With AC Adapter Case - Black Finish - VGPAMC2"
"20448","Sony VAIO Neoprene Laptop Carrying Case - Black Finish - VGPAMC3"
"39176","Logitech 2.1 Multimedia Silver Speaker System - Z2300"
"22558","Netgear RangeMax Wireless Access Point - White Finish - WPN802NA"
"26461","Linksys Wireless-G VPN Broadband Silver Router - WRV54G"
"20454","Canon Magenta Ink Tank - Magenta - CLI8M"
"33047","Canon Black Photo Ink Cartridge - CLI8B"
"20461","Canon Yellow Ink Cartridge - Yellow - CLI8Y"
"26617","Canon PGI-5BK Black Ink Tank Cartridge - PGI5BK"
"21875","Netgear ProSafe 16 Port 10/100 Desktop Switch - Purple Finish - FS116P"
"38231","Netgear ProSafe 24-Port Gigabit Rackmount Switch With 2 SFP Slots - JGS524F"
"32625","Logitech diNovo Media Desktop Laser Keyboard And Mouse Combo - 967562"
"22100","Canon High Capacity Color Ink Cartridge - Color Ink - CL51"
"22101","Canon Photo Ink Cartridge - CL52"
"38944","Panasonic LM-AF30U3 Three Pack Of Single-Sided 30 Minute DVD-RAM Discs - LMAF30U3"
"38106","Canon Black EF 70-300mm F/4-5.6 IS USM Telephoto Zoom Lens - 0345B002"
"17187","Universal IR/RF Remote - MX350"
"18516","Panasonic Genius Countertop Microwave In White - NNH965WH"
"25318","Terk XM Outdoor Home Antenna - Grey Finish - XM6"
"29273","Kensington MicroSaver Keyed Notebook Lock - 64068F"
"28963","Sirius External Home Antenna - 14240"